grouping,identifier,percentage,week,YMD
VOC,Alpha,0.001,2020-04-05,2020-04-05
VOC,Alpha,0.001,2020-04-19,2020-04-19
VOC,Alpha,0.004,2020-05-10,2020-05-10
VOC,Alpha,0.006,2020-05-17,2020-05-17
VOC,Alpha,0.002,2020-05-31,2020-05-31
VOC,Alpha,0.001,2020-11-01,2020-11-01
VOC,Alpha,0.001,2020-11-08,2020-11-08
VOC,Alpha,0.003,2020-11-29,2020-11-29
VOC,Alpha,0.005,2020-12-13,2020-12-13
VOC,Alpha,0.006,2020-12-20,2020-12-20
VOC,Alpha,0.014,2020-12-27,2020-12-27
VOC,Alpha,0.018000000000000002,2021-01-03,2021-01-03
VOC,Alpha,0.030000000000000002,2021-01-10,2021-01-10
VOC,Alpha,0.06,2021-01-17,2021-01-17
VOC,Alpha,0.089,2021-01-24,2021-01-24
VOC,Alpha,0.171,2021-01-31,2021-01-31
VOC,Alpha,0.268,2021-02-07,2021-02-07
VOC,Alpha,0.306,2021-02-14,2021-02-14
VOC,Alpha,0.353,2021-02-21,2021-02-21
VOC,Alpha,0.424,2021-02-28,2021-02-28
VOC,Alpha,0.385,2021-03-07,2021-03-07
VOC,Alpha,0.459,2021-03-14,2021-03-14
VOC,Alpha,0.457,2021-03-21,2021-03-21
VOC,Alpha,0.41100000000000003,2021-03-28,2021-03-28
VOC,Alpha,0.361,2021-04-04,2021-04-04
VOC,Alpha,0.47900000000000004,2021-04-11,2021-04-11
VOC,Alpha,0.552,2021-04-18,2021-04-18
VOC,Alpha,0.522,2021-04-25,2021-04-25
VOC,Alpha,0.596,2021-05-02,2021-05-02
VOC,Alpha,0.591,2021-05-09,2021-05-09
VOC,Alpha,0.558,2021-05-16,2021-05-16
VOC,Alpha,0.5740000000000001,2021-05-23,2021-05-23
VOC,Alpha,0.5740000000000001,2021-05-30,2021-05-30
VOC,Alpha,0.522,2021-06-06,2021-06-06
VOC,Alpha,0.437,2021-06-13,2021-06-13
VOC,Alpha,0.422,2021-06-20,2021-06-20
VOC,Alpha,0.263,2021-06-27,2021-06-27
VOC,Alpha,0.202,2021-07-04,2021-07-04
VOC,Alpha,0.111,2021-07-11,2021-07-11
VOC,Alpha,0.069,2021-07-18,2021-07-18
VOC,Alpha,0.045,2021-07-25,2021-07-25
VOC,Alpha,0.023,2021-08-01,2021-08-01
VOC,Alpha,0.019,2021-08-08,2021-08-08
VOC,Alpha,0.009,2021-08-15,2021-08-15
VOC,Alpha,0.004,2021-08-22,2021-08-22
VOC,Alpha,0.006,2021-08-29,2021-08-29
VOC,Alpha,0.004,2021-09-05,2021-09-05
VOC,Alpha,0.001,2021-09-12,2021-09-12
VOC,Alpha,0.003,2021-09-19,2021-09-19
VOC,Alpha,0.001,2021-09-26,2021-09-26
VOC,Alpha,0.001,2021-10-03,2021-10-03
VOC,Alpha,0.001,2021-10-10,2021-10-10
VOC,Alpha,0.0,2021-10-24,2021-10-24
VOC,Alpha,0.0,2020-11-22,2020-11-22
VOC,Alpha,0.0,2021-10-17,2021-10-17
VOC,Alpha,0.0,2021-10-31,2021-10-31
VOC,Alpha,0.0,2021-11-07,2021-11-07
VOC,Alpha,0.0,2021-11-14,2021-11-14
VOC,Alpha,0.0,2020-03-08,2020-03-08
VOC,Alpha,0.0,2020-03-15,2020-03-15
VOC,Alpha,0.0,2020-03-22,2020-03-22
VOC,Alpha,0.0,2020-03-29,2020-03-29
VOC,Alpha,0.0,2020-04-12,2020-04-12
VOC,Alpha,0.0,2020-04-26,2020-04-26
VOC,Alpha,0.0,2020-05-03,2020-05-03
VOC,Alpha,0.0,2020-08-02,2020-08-02
VOC,Alpha,0.0,2020-08-09,2020-08-09
VOC,Alpha,0.0,2020-08-23,2020-08-23
VOC,Alpha,0.0,2019-12-29,2019-12-29
VOC,Alpha,0.0,2020-03-01,2020-03-01
VOC,Alpha,0.0,2020-11-15,2020-11-15
VOC,Alpha,0.0,2020-12-06,2020-12-06
VOC,Alpha,0.0,2020-06-07,2020-06-07
VOC,Alpha,0.0,2020-07-26,2020-07-26
VOC,Alpha,0.0,2020-10-25,2020-10-25
VOC,Alpha,0.0,2020-07-19,2020-07-19
VOC,Alpha,0.0,2020-08-16,2020-08-16
VOC,Alpha,0.0,2020-08-30,2020-08-30
VOC,Alpha,0.0,2020-09-06,2020-09-06
VOC,Alpha,0.0,2020-09-13,2020-09-13
VOC,Alpha,0.0,2020-09-20,2020-09-20
VOC,Alpha,0.0,2020-09-27,2020-09-27
VOC,Alpha,0.0,2020-10-04,2020-10-04
VOC,Alpha,0.0,2020-10-11,2020-10-11
VOC,Alpha,0.0,2020-10-18,2020-10-18
VOC,Alpha,0.0,2020-05-24,2020-05-24
VOC,Alpha,0.0,2020-06-14,2020-06-14
VOC,Alpha,0.0,2020-06-21,2020-06-21
VOC,Alpha,0.0,2020-06-28,2020-06-28
VOC,Alpha,0.0,2020-07-05,2020-07-05
VOC,Alpha,0.0,2020-07-12,2020-07-12
VOC,Alpha,0.0,2020-02-09,2020-02-09
VOC,Alpha,0.0,2020-02-23,2020-02-23
VOC,Beta,0.0,2020-04-05,2020-04-05
VOC,Beta,0.0,2020-04-19,2020-04-19
VOC,Beta,0.0,2020-05-10,2020-05-10
VOC,Beta,0.0,2020-05-17,2020-05-17
VOC,Beta,0.0,2020-05-31,2020-05-31
VOC,Beta,0.0,2020-11-01,2020-11-01
VOC,Beta,0.0,2020-11-08,2020-11-08
VOC,Beta,0.0,2020-11-29,2020-11-29
VOC,Beta,0.001,2020-12-13,2020-12-13
VOC,Beta,0.006,2020-12-20,2020-12-20
VOC,Beta,0.002,2020-12-27,2020-12-27
VOC,Beta,0.007,2021-01-03,2021-01-03
VOC,Beta,0.009,2021-01-10,2021-01-10
VOC,Beta,0.005,2021-01-17,2021-01-17
VOC,Beta,0.007,2021-01-24,2021-01-24
VOC,Beta,0.009,2021-01-31,2021-01-31
VOC,Beta,0.017,2021-02-07,2021-02-07
VOC,Beta,0.011,2021-02-14,2021-02-14
VOC,Beta,0.017,2021-02-21,2021-02-21
VOC,Beta,0.008,2021-02-28,2021-02-28
VOC,Beta,0.009,2021-03-07,2021-03-07
VOC,Beta,0.015,2021-03-14,2021-03-14
VOC,Beta,0.019,2021-03-21,2021-03-21
VOC,Beta,0.02,2021-03-28,2021-03-28
VOC,Beta,0.027000000000000003,2021-04-04,2021-04-04
VOC,Beta,0.017,2021-04-11,2021-04-11
VOC,Beta,0.012,2021-04-18,2021-04-18
VOC,Beta,0.016,2021-04-25,2021-04-25
VOC,Beta,0.009,2021-05-02,2021-05-02
VOC,Beta,0.008,2021-05-09,2021-05-09
VOC,Beta,0.01,2021-05-16,2021-05-16
VOC,Beta,0.006,2021-05-23,2021-05-23
VOC,Beta,0.009,2021-05-30,2021-05-30
VOC,Beta,0.006,2021-06-06,2021-06-06
VOC,Beta,0.004,2021-06-13,2021-06-13
VOC,Beta,0.008,2021-06-20,2021-06-20
VOC,Beta,0.007,2021-06-27,2021-06-27
VOC,Beta,0.005,2021-07-04,2021-07-04
VOC,Beta,0.002,2021-07-11,2021-07-11
VOC,Beta,0.002,2021-07-18,2021-07-18
VOC,Beta,0.001,2021-07-25,2021-07-25
VOC,Beta,0.0,2021-08-01,2021-08-01
VOC,Beta,0.0,2021-08-08,2021-08-08
VOC,Beta,0.0,2021-08-15,2021-08-15
VOC,Beta,0.0,2021-08-22,2021-08-22
VOC,Beta,0.0,2021-08-29,2021-08-29
VOC,Beta,0.0,2021-09-05,2021-09-05
VOC,Beta,0.0,2021-09-12,2021-09-12
VOC,Beta,0.0,2021-09-19,2021-09-19
VOC,Beta,0.0,2021-09-26,2021-09-26
VOC,Beta,0.0,2021-10-03,2021-10-03
VOC,Beta,0.0,2021-10-10,2021-10-10
VOC,Beta,0.0,2021-10-24,2021-10-24
VOC,Beta,0.001,2020-11-22,2020-11-22
VOC,Beta,0.0,2021-10-17,2021-10-17
VOC,Beta,0.0,2021-10-31,2021-10-31
VOC,Beta,0.0,2021-11-07,2021-11-07
VOC,Beta,0.0,2021-11-14,2021-11-14
VOC,Beta,0.0,2020-03-08,2020-03-08
VOC,Beta,0.0,2020-03-15,2020-03-15
VOC,Beta,0.0,2020-03-22,2020-03-22
VOC,Beta,0.0,2020-03-29,2020-03-29
VOC,Beta,0.0,2020-04-12,2020-04-12
VOC,Beta,0.0,2020-04-26,2020-04-26
VOC,Beta,0.0,2020-05-03,2020-05-03
VOC,Beta,0.0,2020-08-02,2020-08-02
VOC,Beta,0.0,2020-08-09,2020-08-09
VOC,Beta,0.0,2020-08-23,2020-08-23
VOC,Beta,0.0,2019-12-29,2019-12-29
VOC,Beta,0.0,2020-03-01,2020-03-01
VOC,Beta,0.0,2020-11-15,2020-11-15
VOC,Beta,0.0,2020-12-06,2020-12-06
VOC,Beta,0.0,2020-06-07,2020-06-07
VOC,Beta,0.0,2020-07-26,2020-07-26
VOC,Beta,0.0,2020-10-25,2020-10-25
VOC,Beta,0.0,2020-07-19,2020-07-19
VOC,Beta,0.0,2020-08-16,2020-08-16
VOC,Beta,0.0,2020-08-30,2020-08-30
VOC,Beta,0.0,2020-09-06,2020-09-06
VOC,Beta,0.0,2020-09-13,2020-09-13
VOC,Beta,0.0,2020-09-20,2020-09-20
VOC,Beta,0.0,2020-09-27,2020-09-27
VOC,Beta,0.0,2020-10-04,2020-10-04
VOC,Beta,0.0,2020-10-11,2020-10-11
VOC,Beta,0.0,2020-10-18,2020-10-18
VOC,Beta,0.0,2020-05-24,2020-05-24
VOC,Beta,0.0,2020-06-14,2020-06-14
VOC,Beta,0.0,2020-06-21,2020-06-21
VOC,Beta,0.0,2020-06-28,2020-06-28
VOC,Beta,0.0,2020-07-05,2020-07-05
VOC,Beta,0.0,2020-07-12,2020-07-12
VOC,Beta,0.0,2020-02-09,2020-02-09
VOC,Beta,0.0,2020-02-23,2020-02-23
VOC,Delta,0.0,2020-04-05,2020-04-05
VOC,Delta,0.0,2020-04-19,2020-04-19
VOC,Delta,0.0,2020-05-10,2020-05-10
VOC,Delta,0.0,2020-05-17,2020-05-17
VOC,Delta,0.0,2020-05-31,2020-05-31
VOC,Delta,0.0,2020-11-01,2020-11-01
VOC,Delta,0.0,2020-11-08,2020-11-08
VOC,Delta,0.0,2020-11-29,2020-11-29
VOC,Delta,0.0,2020-12-13,2020-12-13
VOC,Delta,0.0,2020-12-20,2020-12-20
VOC,Delta,0.0,2020-12-27,2020-12-27
VOC,Delta,0.0,2021-01-03,2021-01-03
VOC,Delta,0.0,2021-01-10,2021-01-10
VOC,Delta,0.0,2021-01-17,2021-01-17
VOC,Delta,0.001,2021-01-24,2021-01-24
VOC,Delta,0.0,2021-01-31,2021-01-31
VOC,Delta,0.0,2021-02-07,2021-02-07
VOC,Delta,0.0,2021-02-14,2021-02-14
VOC,Delta,0.0,2021-02-21,2021-02-21
VOC,Delta,0.0,2021-02-28,2021-02-28
VOC,Delta,0.0,2021-03-07,2021-03-07
VOC,Delta,0.0,2021-03-14,2021-03-14
VOC,Delta,0.001,2021-03-21,2021-03-21
VOC,Delta,0.001,2021-03-28,2021-03-28
VOC,Delta,0.005,2021-04-04,2021-04-04
VOC,Delta,0.016,2021-04-11,2021-04-11
VOC,Delta,0.036,2021-04-18,2021-04-18
VOC,Delta,0.049,2021-04-25,2021-04-25
VOC,Delta,0.051,2021-05-02,2021-05-02
VOC,Delta,0.076,2021-05-09,2021-05-09
VOC,Delta,0.1,2021-05-16,2021-05-16
VOC,Delta,0.131,2021-05-23,2021-05-23
VOC,Delta,0.158,2021-05-30,2021-05-30
VOC,Delta,0.235,2021-06-06,2021-06-06
VOC,Delta,0.353,2021-06-13,2021-06-13
VOC,Delta,0.384,2021-06-20,2021-06-20
VOC,Delta,0.581,2021-06-27,2021-06-27
VOC,Delta,0.648,2021-07-04,2021-07-04
VOC,Delta,0.742,2021-07-11,2021-07-11
VOC,Delta,0.8410000000000001,2021-07-18,2021-07-18
VOC,Delta,0.903,2021-07-25,2021-07-25
VOC,Delta,0.9239999999999999,2021-08-01,2021-08-01
VOC,Delta,0.931,2021-08-08,2021-08-08
VOC,Delta,0.962,2021-08-15,2021-08-15
VOC,Delta,0.9710000000000001,2021-08-22,2021-08-22
VOC,Delta,0.989,2021-08-29,2021-08-29
VOC,Delta,0.9930000000000001,2021-09-05,2021-09-05
VOC,Delta,0.9960000000000001,2021-09-12,2021-09-12
VOC,Delta,0.998,2021-09-19,2021-09-19
VOC,Delta,1.0,2021-09-26,2021-09-26
VOC,Delta,0.997,2021-10-03,2021-10-03
VOC,Delta,0.998,2021-10-10,2021-10-10
VOC,Delta,1.0,2021-10-24,2021-10-24
VOC,Delta,0.0,2020-11-22,2020-11-22
VOC,Delta,0.999,2021-10-17,2021-10-17
VOC,Delta,1.0010000000000001,2021-10-31,2021-10-31
VOC,Delta,1.0,2021-11-07,2021-11-07
VOC,Delta,1.0010000000000001,2021-11-14,2021-11-14
VOC,Delta,0.0,2020-03-08,2020-03-08
VOC,Delta,0.0,2020-03-15,2020-03-15
VOC,Delta,0.0,2020-03-22,2020-03-22
VOC,Delta,0.0,2020-03-29,2020-03-29
VOC,Delta,0.0,2020-04-12,2020-04-12
VOC,Delta,0.0,2020-04-26,2020-04-26
VOC,Delta,0.0,2020-05-03,2020-05-03
VOC,Delta,0.0,2020-08-02,2020-08-02
VOC,Delta,0.0,2020-08-09,2020-08-09
VOC,Delta,0.0,2020-08-23,2020-08-23
VOC,Delta,0.0,2019-12-29,2019-12-29
VOC,Delta,0.0,2020-03-01,2020-03-01
VOC,Delta,0.0,2020-11-15,2020-11-15
VOC,Delta,0.0,2020-12-06,2020-12-06
VOC,Delta,0.0,2020-06-07,2020-06-07
VOC,Delta,0.0,2020-07-26,2020-07-26
VOC,Delta,0.0,2020-10-25,2020-10-25
VOC,Delta,0.0,2020-07-19,2020-07-19
VOC,Delta,0.0,2020-08-16,2020-08-16
VOC,Delta,0.0,2020-08-30,2020-08-30
VOC,Delta,0.0,2020-09-06,2020-09-06
VOC,Delta,0.0,2020-09-13,2020-09-13
VOC,Delta,0.0,2020-09-20,2020-09-20
VOC,Delta,0.0,2020-09-27,2020-09-27
VOC,Delta,0.0,2020-10-04,2020-10-04
VOC,Delta,0.0,2020-10-11,2020-10-11
VOC,Delta,0.0,2020-10-18,2020-10-18
VOC,Delta,0.0,2020-05-24,2020-05-24
VOC,Delta,0.0,2020-06-14,2020-06-14
VOC,Delta,0.0,2020-06-21,2020-06-21
VOC,Delta,0.0,2020-06-28,2020-06-28
VOC,Delta,0.0,2020-07-05,2020-07-05
VOC,Delta,0.0,2020-07-12,2020-07-12
VOC,Delta,0.0,2020-02-09,2020-02-09
VOC,Delta,0.0,2020-02-23,2020-02-23
VOC,Gamma,0.0,2020-04-05,2020-04-05
VOC,Gamma,0.0,2020-04-19,2020-04-19
VOC,Gamma,0.0,2020-05-10,2020-05-10
VOC,Gamma,0.0,2020-05-17,2020-05-17
VOC,Gamma,0.0,2020-05-31,2020-05-31
VOC,Gamma,0.0,2020-11-01,2020-11-01
VOC,Gamma,0.0,2020-11-08,2020-11-08
VOC,Gamma,0.0,2020-11-29,2020-11-29
VOC,Gamma,0.0,2020-12-13,2020-12-13
VOC,Gamma,0.0,2020-12-20,2020-12-20
VOC,Gamma,0.0,2020-12-27,2020-12-27
VOC,Gamma,0.0,2021-01-03,2021-01-03
VOC,Gamma,0.0,2021-01-10,2021-01-10
VOC,Gamma,0.0,2021-01-17,2021-01-17
VOC,Gamma,0.0,2021-01-24,2021-01-24
VOC,Gamma,0.0,2021-01-31,2021-01-31
VOC,Gamma,0.0,2021-02-07,2021-02-07
VOC,Gamma,0.0,2021-02-14,2021-02-14
VOC,Gamma,0.004,2021-02-21,2021-02-21
VOC,Gamma,0.003,2021-02-28,2021-02-28
VOC,Gamma,0.005,2021-03-07,2021-03-07
VOC,Gamma,0.002,2021-03-14,2021-03-14
VOC,Gamma,0.003,2021-03-21,2021-03-21
VOC,Gamma,0.003,2021-03-28,2021-03-28
VOC,Gamma,0.002,2021-04-04,2021-04-04
VOC,Gamma,0.002,2021-04-11,2021-04-11
VOC,Gamma,0.005,2021-04-18,2021-04-18
VOC,Gamma,0.004,2021-04-25,2021-04-25
VOC,Gamma,0.007,2021-05-02,2021-05-02
VOC,Gamma,0.005,2021-05-09,2021-05-09
VOC,Gamma,0.005,2021-05-16,2021-05-16
VOC,Gamma,0.006,2021-05-23,2021-05-23
VOC,Gamma,0.021,2021-05-30,2021-05-30
VOC,Gamma,0.01,2021-06-06,2021-06-06
VOC,Gamma,0.012,2021-06-13,2021-06-13
VOC,Gamma,0.009,2021-06-20,2021-06-20
VOC,Gamma,0.013,2021-06-27,2021-06-27
VOC,Gamma,0.006,2021-07-04,2021-07-04
VOC,Gamma,0.007,2021-07-11,2021-07-11
VOC,Gamma,0.0,2021-07-18,2021-07-18
VOC,Gamma,0.001,2021-07-25,2021-07-25
VOC,Gamma,0.002,2021-08-01,2021-08-01
VOC,Gamma,0.0,2021-08-08,2021-08-08
VOC,Gamma,0.0,2021-08-15,2021-08-15
VOC,Gamma,0.0,2021-08-22,2021-08-22
VOC,Gamma,0.0,2021-08-29,2021-08-29
VOC,Gamma,0.0,2021-09-05,2021-09-05
VOC,Gamma,0.0,2021-09-12,2021-09-12
VOC,Gamma,0.0,2021-09-19,2021-09-19
VOC,Gamma,0.0,2021-09-26,2021-09-26
VOC,Gamma,0.0,2021-10-03,2021-10-03
VOC,Gamma,0.0,2021-10-10,2021-10-10
VOC,Gamma,0.0,2021-10-24,2021-10-24
VOC,Gamma,0.0,2020-11-22,2020-11-22
VOC,Gamma,0.0,2021-10-17,2021-10-17
VOC,Gamma,0.0,2021-10-31,2021-10-31
VOC,Gamma,0.0,2021-11-07,2021-11-07
VOC,Gamma,0.0,2021-11-14,2021-11-14
VOC,Gamma,0.0,2020-03-08,2020-03-08
VOC,Gamma,0.0,2020-03-15,2020-03-15
VOC,Gamma,0.0,2020-03-22,2020-03-22
VOC,Gamma,0.0,2020-03-29,2020-03-29
VOC,Gamma,0.0,2020-04-12,2020-04-12
VOC,Gamma,0.0,2020-04-26,2020-04-26
VOC,Gamma,0.0,2020-05-03,2020-05-03
VOC,Gamma,0.0,2020-08-02,2020-08-02
VOC,Gamma,0.0,2020-08-09,2020-08-09
VOC,Gamma,0.0,2020-08-23,2020-08-23
VOC,Gamma,0.0,2019-12-29,2019-12-29
VOC,Gamma,0.0,2020-03-01,2020-03-01
VOC,Gamma,0.0,2020-11-15,2020-11-15
VOC,Gamma,0.0,2020-12-06,2020-12-06
VOC,Gamma,0.0,2020-06-07,2020-06-07
VOC,Gamma,0.0,2020-07-26,2020-07-26
VOC,Gamma,0.0,2020-10-25,2020-10-25
VOC,Gamma,0.0,2020-07-19,2020-07-19
VOC,Gamma,0.0,2020-08-16,2020-08-16
VOC,Gamma,0.0,2020-08-30,2020-08-30
VOC,Gamma,0.0,2020-09-06,2020-09-06
VOC,Gamma,0.0,2020-09-13,2020-09-13
VOC,Gamma,0.0,2020-09-20,2020-09-20
VOC,Gamma,0.0,2020-09-27,2020-09-27
VOC,Gamma,0.0,2020-10-04,2020-10-04
VOC,Gamma,0.0,2020-10-11,2020-10-11
VOC,Gamma,0.0,2020-10-18,2020-10-18
VOC,Gamma,0.0,2020-05-24,2020-05-24
VOC,Gamma,0.0,2020-06-14,2020-06-14
VOC,Gamma,0.0,2020-06-21,2020-06-21
VOC,Gamma,0.0,2020-06-28,2020-06-28
VOC,Gamma,0.0,2020-07-05,2020-07-05
VOC,Gamma,0.0,2020-07-12,2020-07-12
VOC,Gamma,0.0,2020-02-09,2020-02-09
VOC,Gamma,0.0,2020-02-23,2020-02-23
VOI,B.1.1.318,0.0,2020-04-05,2020-04-05
VOI,B.1.1.318,0.0,2020-04-19,2020-04-19
VOI,B.1.1.318,0.0,2020-05-10,2020-05-10
VOI,B.1.1.318,0.0,2020-05-17,2020-05-17
VOI,B.1.1.318,0.0,2020-05-31,2020-05-31
VOI,B.1.1.318,0.0,2020-11-01,2020-11-01
VOI,B.1.1.318,0.0,2020-11-08,2020-11-08
VOI,B.1.1.318,0.0,2020-11-29,2020-11-29
VOI,B.1.1.318,0.0,2020-12-13,2020-12-13
VOI,B.1.1.318,0.0,2020-12-20,2020-12-20
VOI,B.1.1.318,0.0,2020-12-27,2020-12-27
VOI,B.1.1.318,0.0,2021-01-03,2021-01-03
VOI,B.1.1.318,0.0,2021-01-10,2021-01-10
VOI,B.1.1.318,0.0,2021-01-17,2021-01-17
VOI,B.1.1.318,0.0,2021-01-24,2021-01-24
VOI,B.1.1.318,0.001,2021-01-31,2021-01-31
VOI,B.1.1.318,0.001,2021-02-07,2021-02-07
VOI,B.1.1.318,0.002,2021-02-14,2021-02-14
VOI,B.1.1.318,0.001,2021-02-21,2021-02-21
VOI,B.1.1.318,0.003,2021-02-28,2021-02-28
VOI,B.1.1.318,0.004,2021-03-07,2021-03-07
VOI,B.1.1.318,0.007,2021-03-14,2021-03-14
VOI,B.1.1.318,0.013000000000000001,2021-03-21,2021-03-21
VOI,B.1.1.318,0.022,2021-03-28,2021-03-28
VOI,B.1.1.318,0.023000000000000003,2021-04-04,2021-04-04
VOI,B.1.1.318,0.019,2021-04-11,2021-04-11
VOI,B.1.1.318,0.013000000000000001,2021-04-18,2021-04-18
VOI,B.1.1.318,0.013000000000000001,2021-04-25,2021-04-25
VOI,B.1.1.318,0.015,2021-05-02,2021-05-02
VOI,B.1.1.318,0.006,2021-05-09,2021-05-09
VOI,B.1.1.318,0.013000000000000001,2021-05-16,2021-05-16
VOI,B.1.1.318,0.007,2021-05-23,2021-05-23
VOI,B.1.1.318,0.008,2021-05-30,2021-05-30
VOI,B.1.1.318,0.012,2021-06-06,2021-06-06
VOI,B.1.1.318,0.009,2021-06-13,2021-06-13
VOI,B.1.1.318,0.011,2021-06-20,2021-06-20
VOI,B.1.1.318,0.007,2021-06-27,2021-06-27
VOI,B.1.1.318,0.002,2021-07-04,2021-07-04
VOI,B.1.1.318,0.002,2021-07-11,2021-07-11
VOI,B.1.1.318,0.005,2021-07-18,2021-07-18
VOI,B.1.1.318,0.002,2021-07-25,2021-07-25
VOI,B.1.1.318,0.0,2021-08-01,2021-08-01
VOI,B.1.1.318,0.0,2021-08-08,2021-08-08
VOI,B.1.1.318,0.0,2021-08-15,2021-08-15
VOI,B.1.1.318,0.0,2021-08-22,2021-08-22
VOI,B.1.1.318,0.0,2021-08-29,2021-08-29
VOI,B.1.1.318,0.0,2021-09-05,2021-09-05
VOI,B.1.1.318,0.0,2021-09-12,2021-09-12
VOI,B.1.1.318,0.0,2021-09-19,2021-09-19
VOI,B.1.1.318,0.0,2021-09-26,2021-09-26
VOI,B.1.1.318,0.0,2021-10-03,2021-10-03
VOI,B.1.1.318,0.0,2021-10-10,2021-10-10
VOI,B.1.1.318,0.0,2021-10-24,2021-10-24
VOI,B.1.1.318,0.0,2020-11-22,2020-11-22
VOI,B.1.1.318,0.0,2021-10-17,2021-10-17
VOI,B.1.1.318,0.0,2021-10-31,2021-10-31
VOI,B.1.1.318,0.0,2021-11-07,2021-11-07
VOI,B.1.1.318,0.0,2021-11-14,2021-11-14
VOI,B.1.1.318,0.0,2020-03-08,2020-03-08
VOI,B.1.1.318,0.0,2020-03-15,2020-03-15
VOI,B.1.1.318,0.0,2020-03-22,2020-03-22
VOI,B.1.1.318,0.0,2020-03-29,2020-03-29
VOI,B.1.1.318,0.0,2020-04-12,2020-04-12
VOI,B.1.1.318,0.0,2020-04-26,2020-04-26
VOI,B.1.1.318,0.0,2020-05-03,2020-05-03
VOI,B.1.1.318,0.0,2020-08-02,2020-08-02
VOI,B.1.1.318,0.0,2020-08-09,2020-08-09
VOI,B.1.1.318,0.0,2020-08-23,2020-08-23
VOI,B.1.1.318,0.0,2019-12-29,2019-12-29
VOI,B.1.1.318,0.0,2020-03-01,2020-03-01
VOI,B.1.1.318,0.0,2020-11-15,2020-11-15
VOI,B.1.1.318,0.0,2020-12-06,2020-12-06
VOI,B.1.1.318,0.0,2020-06-07,2020-06-07
VOI,B.1.1.318,0.0,2020-07-26,2020-07-26
VOI,B.1.1.318,0.0,2020-10-25,2020-10-25
VOI,B.1.1.318,0.0,2020-07-19,2020-07-19
VOI,B.1.1.318,0.0,2020-08-16,2020-08-16
VOI,B.1.1.318,0.0,2020-08-30,2020-08-30
VOI,B.1.1.318,0.0,2020-09-06,2020-09-06
VOI,B.1.1.318,0.0,2020-09-13,2020-09-13
VOI,B.1.1.318,0.0,2020-09-20,2020-09-20
VOI,B.1.1.318,0.0,2020-09-27,2020-09-27
VOI,B.1.1.318,0.0,2020-10-04,2020-10-04
VOI,B.1.1.318,0.0,2020-10-11,2020-10-11
VOI,B.1.1.318,0.0,2020-10-18,2020-10-18
VOI,B.1.1.318,0.0,2020-05-24,2020-05-24
VOI,B.1.1.318,0.0,2020-06-14,2020-06-14
VOI,B.1.1.318,0.0,2020-06-21,2020-06-21
VOI,B.1.1.318,0.0,2020-06-28,2020-06-28
VOI,B.1.1.318,0.0,2020-07-05,2020-07-05
VOI,B.1.1.318,0.0,2020-07-12,2020-07-12
VOI,B.1.1.318,0.0,2020-02-09,2020-02-09
VOI,B.1.1.318,0.0,2020-02-23,2020-02-23
VOI,B.1.617.3,0.0,2020-04-05,2020-04-05
VOI,B.1.617.3,0.0,2020-04-19,2020-04-19
VOI,B.1.617.3,0.0,2020-05-10,2020-05-10
VOI,B.1.617.3,0.0,2020-05-17,2020-05-17
VOI,B.1.617.3,0.0,2020-05-31,2020-05-31
VOI,B.1.617.3,0.0,2020-11-01,2020-11-01
VOI,B.1.617.3,0.0,2020-11-08,2020-11-08
VOI,B.1.617.3,0.0,2020-11-29,2020-11-29
VOI,B.1.617.3,0.0,2020-12-13,2020-12-13
VOI,B.1.617.3,0.0,2020-12-20,2020-12-20
VOI,B.1.617.3,0.0,2020-12-27,2020-12-27
VOI,B.1.617.3,0.0,2021-01-03,2021-01-03
VOI,B.1.617.3,0.0,2021-01-10,2021-01-10
VOI,B.1.617.3,0.0,2021-01-17,2021-01-17
VOI,B.1.617.3,0.0,2021-01-24,2021-01-24
VOI,B.1.617.3,0.0,2021-01-31,2021-01-31
VOI,B.1.617.3,0.0,2021-02-07,2021-02-07
VOI,B.1.617.3,0.0,2021-02-14,2021-02-14
VOI,B.1.617.3,0.0,2021-02-21,2021-02-21
VOI,B.1.617.3,0.0,2021-02-28,2021-02-28
VOI,B.1.617.3,0.0,2021-03-07,2021-03-07
VOI,B.1.617.3,0.0,2021-03-14,2021-03-14
VOI,B.1.617.3,0.0,2021-03-21,2021-03-21
VOI,B.1.617.3,0.0,2021-03-28,2021-03-28
VOI,B.1.617.3,0.0,2021-04-04,2021-04-04
VOI,B.1.617.3,0.0,2021-04-11,2021-04-11
VOI,B.1.617.3,0.0,2021-04-18,2021-04-18
VOI,B.1.617.3,0.0,2021-04-25,2021-04-25
VOI,B.1.617.3,0.0,2021-05-02,2021-05-02
VOI,B.1.617.3,0.0,2021-05-09,2021-05-09
VOI,B.1.617.3,0.0,2021-05-16,2021-05-16
VOI,B.1.617.3,0.0,2021-05-23,2021-05-23
VOI,B.1.617.3,0.0,2021-05-30,2021-05-30
VOI,B.1.617.3,0.0,2021-06-06,2021-06-06
VOI,B.1.617.3,0.0,2021-06-13,2021-06-13
VOI,B.1.617.3,0.0,2021-06-20,2021-06-20
VOI,B.1.617.3,0.0,2021-06-27,2021-06-27
VOI,B.1.617.3,0.0,2021-07-04,2021-07-04
VOI,B.1.617.3,0.0,2021-07-11,2021-07-11
VOI,B.1.617.3,0.0,2021-07-18,2021-07-18
VOI,B.1.617.3,0.0,2021-07-25,2021-07-25
VOI,B.1.617.3,0.0,2021-08-01,2021-08-01
VOI,B.1.617.3,0.0,2021-08-08,2021-08-08
VOI,B.1.617.3,0.0,2021-08-15,2021-08-15
VOI,B.1.617.3,0.0,2021-08-22,2021-08-22
VOI,B.1.617.3,0.0,2021-08-29,2021-08-29
VOI,B.1.617.3,0.0,2021-09-05,2021-09-05
VOI,B.1.617.3,0.0,2021-09-12,2021-09-12
VOI,B.1.617.3,0.0,2021-09-19,2021-09-19
VOI,B.1.617.3,0.0,2021-09-26,2021-09-26
VOI,B.1.617.3,0.0,2021-10-03,2021-10-03
VOI,B.1.617.3,0.0,2021-10-10,2021-10-10
VOI,B.1.617.3,0.0,2021-10-24,2021-10-24
VOI,B.1.617.3,0.0,2020-11-22,2020-11-22
VOI,B.1.617.3,0.0,2021-10-17,2021-10-17
VOI,B.1.617.3,0.0,2021-10-31,2021-10-31
VOI,B.1.617.3,0.0,2021-11-07,2021-11-07
VOI,B.1.617.3,0.0,2021-11-14,2021-11-14
VOI,B.1.617.3,0.0,2020-03-08,2020-03-08
VOI,B.1.617.3,0.0,2020-03-15,2020-03-15
VOI,B.1.617.3,0.0,2020-03-22,2020-03-22
VOI,B.1.617.3,0.0,2020-03-29,2020-03-29
VOI,B.1.617.3,0.0,2020-04-12,2020-04-12
VOI,B.1.617.3,0.0,2020-04-26,2020-04-26
VOI,B.1.617.3,0.0,2020-05-03,2020-05-03
VOI,B.1.617.3,0.0,2020-08-02,2020-08-02
VOI,B.1.617.3,0.0,2020-08-09,2020-08-09
VOI,B.1.617.3,0.0,2020-08-23,2020-08-23
VOI,B.1.617.3,0.0,2019-12-29,2019-12-29
VOI,B.1.617.3,0.0,2020-03-01,2020-03-01
VOI,B.1.617.3,0.0,2020-11-15,2020-11-15
VOI,B.1.617.3,0.0,2020-12-06,2020-12-06
VOI,B.1.617.3,0.0,2020-06-07,2020-06-07
VOI,B.1.617.3,0.0,2020-07-26,2020-07-26
VOI,B.1.617.3,0.0,2020-10-25,2020-10-25
VOI,B.1.617.3,0.0,2020-07-19,2020-07-19
VOI,B.1.617.3,0.0,2020-08-16,2020-08-16
VOI,B.1.617.3,0.0,2020-08-30,2020-08-30
VOI,B.1.617.3,0.0,2020-09-06,2020-09-06
VOI,B.1.617.3,0.0,2020-09-13,2020-09-13
VOI,B.1.617.3,0.0,2020-09-20,2020-09-20
VOI,B.1.617.3,0.0,2020-09-27,2020-09-27
VOI,B.1.617.3,0.0,2020-10-04,2020-10-04
VOI,B.1.617.3,0.0,2020-10-11,2020-10-11
VOI,B.1.617.3,0.0,2020-10-18,2020-10-18
VOI,B.1.617.3,0.0,2020-05-24,2020-05-24
VOI,B.1.617.3,0.0,2020-06-14,2020-06-14
VOI,B.1.617.3,0.0,2020-06-21,2020-06-21
VOI,B.1.617.3,0.0,2020-06-28,2020-06-28
VOI,B.1.617.3,0.0,2020-07-05,2020-07-05
VOI,B.1.617.3,0.0,2020-07-12,2020-07-12
VOI,B.1.617.3,0.0,2020-02-09,2020-02-09
VOI,B.1.617.3,0.0,2020-02-23,2020-02-23
VOI,Eta,0.0,2020-04-05,2020-04-05
VOI,Eta,0.0,2020-04-19,2020-04-19
VOI,Eta,0.0,2020-05-10,2020-05-10
VOI,Eta,0.0,2020-05-17,2020-05-17
VOI,Eta,0.0,2020-05-31,2020-05-31
VOI,Eta,0.0,2020-11-01,2020-11-01
VOI,Eta,0.0,2020-11-08,2020-11-08
VOI,Eta,0.0,2020-11-29,2020-11-29
VOI,Eta,0.004,2020-12-13,2020-12-13
VOI,Eta,0.0,2020-12-20,2020-12-20
VOI,Eta,0.001,2020-12-27,2020-12-27
VOI,Eta,0.001,2021-01-03,2021-01-03
VOI,Eta,0.001,2021-01-10,2021-01-10
VOI,Eta,0.001,2021-01-17,2021-01-17
VOI,Eta,0.002,2021-01-24,2021-01-24
VOI,Eta,0.003,2021-01-31,2021-01-31
VOI,Eta,0.01,2021-02-07,2021-02-07
VOI,Eta,0.016,2021-02-14,2021-02-14
VOI,Eta,0.021,2021-02-21,2021-02-21
VOI,Eta,0.031,2021-02-28,2021-02-28
VOI,Eta,0.028,2021-03-07,2021-03-07
VOI,Eta,0.012,2021-03-14,2021-03-14
VOI,Eta,0.041,2021-03-21,2021-03-21
VOI,Eta,0.049,2021-03-28,2021-03-28
VOI,Eta,0.042,2021-04-04,2021-04-04
VOI,Eta,0.034,2021-04-11,2021-04-11
VOI,Eta,0.019,2021-04-18,2021-04-18
VOI,Eta,0.022,2021-04-25,2021-04-25
VOI,Eta,0.022,2021-05-02,2021-05-02
VOI,Eta,0.015,2021-05-09,2021-05-09
VOI,Eta,0.011,2021-05-16,2021-05-16
VOI,Eta,0.01,2021-05-23,2021-05-23
VOI,Eta,0.004,2021-05-30,2021-05-30
VOI,Eta,0.016,2021-06-06,2021-06-06
VOI,Eta,0.019,2021-06-13,2021-06-13
VOI,Eta,0.016,2021-06-20,2021-06-20
VOI,Eta,0.002,2021-06-27,2021-06-27
VOI,Eta,0.002,2021-07-04,2021-07-04
VOI,Eta,0.002,2021-07-11,2021-07-11
VOI,Eta,0.0,2021-07-18,2021-07-18
VOI,Eta,0.0,2021-07-25,2021-07-25
VOI,Eta,0.0,2021-08-01,2021-08-01
VOI,Eta,0.0,2021-08-08,2021-08-08
VOI,Eta,0.0,2021-08-15,2021-08-15
VOI,Eta,0.0,2021-08-22,2021-08-22
VOI,Eta,0.0,2021-08-29,2021-08-29
VOI,Eta,0.0,2021-09-05,2021-09-05
VOI,Eta,0.0,2021-09-12,2021-09-12
VOI,Eta,0.0,2021-09-19,2021-09-19
VOI,Eta,0.0,2021-09-26,2021-09-26
VOI,Eta,0.0,2021-10-03,2021-10-03
VOI,Eta,0.0,2021-10-10,2021-10-10
VOI,Eta,0.0,2021-10-24,2021-10-24
VOI,Eta,0.0,2020-11-22,2020-11-22
VOI,Eta,0.0,2021-10-17,2021-10-17
VOI,Eta,0.0,2021-10-31,2021-10-31
VOI,Eta,0.0,2021-11-07,2021-11-07
VOI,Eta,0.0,2021-11-14,2021-11-14
VOI,Eta,0.0,2020-03-08,2020-03-08
VOI,Eta,0.0,2020-03-15,2020-03-15
VOI,Eta,0.0,2020-03-22,2020-03-22
VOI,Eta,0.0,2020-03-29,2020-03-29
VOI,Eta,0.0,2020-04-12,2020-04-12
VOI,Eta,0.0,2020-04-26,2020-04-26
VOI,Eta,0.0,2020-05-03,2020-05-03
VOI,Eta,0.0,2020-08-02,2020-08-02
VOI,Eta,0.0,2020-08-09,2020-08-09
VOI,Eta,0.0,2020-08-23,2020-08-23
VOI,Eta,0.0,2019-12-29,2019-12-29
VOI,Eta,0.0,2020-03-01,2020-03-01
VOI,Eta,0.0,2020-11-15,2020-11-15
VOI,Eta,0.0,2020-12-06,2020-12-06
VOI,Eta,0.0,2020-06-07,2020-06-07
VOI,Eta,0.0,2020-07-26,2020-07-26
VOI,Eta,0.0,2020-10-25,2020-10-25
VOI,Eta,0.0,2020-07-19,2020-07-19
VOI,Eta,0.0,2020-08-16,2020-08-16
VOI,Eta,0.0,2020-08-30,2020-08-30
VOI,Eta,0.0,2020-09-06,2020-09-06
VOI,Eta,0.0,2020-09-13,2020-09-13
VOI,Eta,0.0,2020-09-20,2020-09-20
VOI,Eta,0.0,2020-09-27,2020-09-27
VOI,Eta,0.0,2020-10-04,2020-10-04
VOI,Eta,0.0,2020-10-11,2020-10-11
VOI,Eta,0.0,2020-10-18,2020-10-18
VOI,Eta,0.0,2020-05-24,2020-05-24
VOI,Eta,0.0,2020-06-14,2020-06-14
VOI,Eta,0.0,2020-06-21,2020-06-21
VOI,Eta,0.0,2020-06-28,2020-06-28
VOI,Eta,0.0,2020-07-05,2020-07-05
VOI,Eta,0.0,2020-07-12,2020-07-12
VOI,Eta,0.0,2020-02-09,2020-02-09
VOI,Eta,0.0,2020-02-23,2020-02-23
VOI,Iota,0.0,2020-04-05,2020-04-05
VOI,Iota,0.0,2020-04-19,2020-04-19
VOI,Iota,0.0,2020-05-10,2020-05-10
VOI,Iota,0.0,2020-05-17,2020-05-17
VOI,Iota,0.0,2020-05-31,2020-05-31
VOI,Iota,0.0,2020-11-01,2020-11-01
VOI,Iota,0.0,2020-11-08,2020-11-08
VOI,Iota,0.0,2020-11-29,2020-11-29
VOI,Iota,0.0,2020-12-13,2020-12-13
VOI,Iota,0.0,2020-12-20,2020-12-20
VOI,Iota,0.0,2020-12-27,2020-12-27
VOI,Iota,0.0,2021-01-03,2021-01-03
VOI,Iota,0.0,2021-01-10,2021-01-10
VOI,Iota,0.0,2021-01-17,2021-01-17
VOI,Iota,0.0,2021-01-24,2021-01-24
VOI,Iota,0.0,2021-01-31,2021-01-31
VOI,Iota,0.0,2021-02-07,2021-02-07
VOI,Iota,0.0,2021-02-14,2021-02-14
VOI,Iota,0.0,2021-02-21,2021-02-21
VOI,Iota,0.0,2021-02-28,2021-02-28
VOI,Iota,0.001,2021-03-07,2021-03-07
VOI,Iota,0.002,2021-03-14,2021-03-14
VOI,Iota,0.001,2021-03-21,2021-03-21
VOI,Iota,0.005,2021-03-28,2021-03-28
VOI,Iota,0.004,2021-04-04,2021-04-04
VOI,Iota,0.004,2021-04-11,2021-04-11
VOI,Iota,0.007,2021-04-18,2021-04-18
VOI,Iota,0.005,2021-04-25,2021-04-25
VOI,Iota,0.003,2021-05-02,2021-05-02
VOI,Iota,0.004,2021-05-09,2021-05-09
VOI,Iota,0.007,2021-05-16,2021-05-16
VOI,Iota,0.011,2021-05-23,2021-05-23
VOI,Iota,0.01,2021-05-30,2021-05-30
VOI,Iota,0.01,2021-06-06,2021-06-06
VOI,Iota,0.004,2021-06-13,2021-06-13
VOI,Iota,0.006,2021-06-20,2021-06-20
VOI,Iota,0.004,2021-06-27,2021-06-27
VOI,Iota,0.001,2021-07-04,2021-07-04
VOI,Iota,0.007,2021-07-11,2021-07-11
VOI,Iota,0.0,2021-07-18,2021-07-18
VOI,Iota,0.001,2021-07-25,2021-07-25
VOI,Iota,0.0,2021-08-01,2021-08-01
VOI,Iota,0.0,2021-08-08,2021-08-08
VOI,Iota,0.0,2021-08-15,2021-08-15
VOI,Iota,0.0,2021-08-22,2021-08-22
VOI,Iota,0.0,2021-08-29,2021-08-29
VOI,Iota,0.0,2021-09-05,2021-09-05
VOI,Iota,0.0,2021-09-12,2021-09-12
VOI,Iota,0.0,2021-09-19,2021-09-19
VOI,Iota,0.0,2021-09-26,2021-09-26
VOI,Iota,0.0,2021-10-03,2021-10-03
VOI,Iota,0.0,2021-10-10,2021-10-10
VOI,Iota,0.0,2021-10-24,2021-10-24
VOI,Iota,0.0,2020-11-22,2020-11-22
VOI,Iota,0.0,2021-10-17,2021-10-17
VOI,Iota,0.0,2021-10-31,2021-10-31
VOI,Iota,0.0,2021-11-07,2021-11-07
VOI,Iota,0.0,2021-11-14,2021-11-14
VOI,Iota,0.0,2020-03-08,2020-03-08
VOI,Iota,0.0,2020-03-15,2020-03-15
VOI,Iota,0.0,2020-03-22,2020-03-22
VOI,Iota,0.0,2020-03-29,2020-03-29
VOI,Iota,0.0,2020-04-12,2020-04-12
VOI,Iota,0.0,2020-04-26,2020-04-26
VOI,Iota,0.0,2020-05-03,2020-05-03
VOI,Iota,0.0,2020-08-02,2020-08-02
VOI,Iota,0.0,2020-08-09,2020-08-09
VOI,Iota,0.0,2020-08-23,2020-08-23
VOI,Iota,0.0,2019-12-29,2019-12-29
VOI,Iota,0.0,2020-03-01,2020-03-01
VOI,Iota,0.0,2020-11-15,2020-11-15
VOI,Iota,0.0,2020-12-06,2020-12-06
VOI,Iota,0.0,2020-06-07,2020-06-07
VOI,Iota,0.0,2020-07-26,2020-07-26
VOI,Iota,0.0,2020-10-25,2020-10-25
VOI,Iota,0.0,2020-07-19,2020-07-19
VOI,Iota,0.0,2020-08-16,2020-08-16
VOI,Iota,0.0,2020-08-30,2020-08-30
VOI,Iota,0.0,2020-09-06,2020-09-06
VOI,Iota,0.0,2020-09-13,2020-09-13
VOI,Iota,0.0,2020-09-20,2020-09-20
VOI,Iota,0.0,2020-09-27,2020-09-27
VOI,Iota,0.0,2020-10-04,2020-10-04
VOI,Iota,0.0,2020-10-11,2020-10-11
VOI,Iota,0.0,2020-10-18,2020-10-18
VOI,Iota,0.0,2020-05-24,2020-05-24
VOI,Iota,0.0,2020-06-14,2020-06-14
VOI,Iota,0.0,2020-06-21,2020-06-21
VOI,Iota,0.0,2020-06-28,2020-06-28
VOI,Iota,0.0,2020-07-05,2020-07-05
VOI,Iota,0.0,2020-07-12,2020-07-12
VOI,Iota,0.0,2020-02-09,2020-02-09
VOI,Iota,0.0,2020-02-23,2020-02-23
VOI,Lambda,0.0,2020-04-05,2020-04-05
VOI,Lambda,0.0,2020-04-19,2020-04-19
VOI,Lambda,0.0,2020-05-10,2020-05-10
VOI,Lambda,0.0,2020-05-17,2020-05-17
VOI,Lambda,0.0,2020-05-31,2020-05-31
VOI,Lambda,0.0,2020-11-01,2020-11-01
VOI,Lambda,0.0,2020-11-08,2020-11-08
VOI,Lambda,0.0,2020-11-29,2020-11-29
VOI,Lambda,0.0,2020-12-13,2020-12-13
VOI,Lambda,0.0,2020-12-20,2020-12-20
VOI,Lambda,0.0,2020-12-27,2020-12-27
VOI,Lambda,0.0,2021-01-03,2021-01-03
VOI,Lambda,0.0,2021-01-10,2021-01-10
VOI,Lambda,0.0,2021-01-17,2021-01-17
VOI,Lambda,0.0,2021-01-24,2021-01-24
VOI,Lambda,0.0,2021-01-31,2021-01-31
VOI,Lambda,0.0,2021-02-07,2021-02-07
VOI,Lambda,0.0,2021-02-14,2021-02-14
VOI,Lambda,0.0,2021-02-21,2021-02-21
VOI,Lambda,0.0,2021-02-28,2021-02-28
VOI,Lambda,0.0,2021-03-07,2021-03-07
VOI,Lambda,0.001,2021-03-14,2021-03-14
VOI,Lambda,0.001,2021-03-21,2021-03-21
VOI,Lambda,0.001,2021-03-28,2021-03-28
VOI,Lambda,0.001,2021-04-04,2021-04-04
VOI,Lambda,0.0,2021-04-11,2021-04-11
VOI,Lambda,0.001,2021-04-18,2021-04-18
VOI,Lambda,0.0,2021-04-25,2021-04-25
VOI,Lambda,0.0,2021-05-02,2021-05-02
VOI,Lambda,0.001,2021-05-09,2021-05-09
VOI,Lambda,0.0,2021-05-16,2021-05-16
VOI,Lambda,0.0,2021-05-23,2021-05-23
VOI,Lambda,0.0,2021-05-30,2021-05-30
VOI,Lambda,0.0,2021-06-06,2021-06-06
VOI,Lambda,0.0,2021-06-13,2021-06-13
VOI,Lambda,0.0,2021-06-20,2021-06-20
VOI,Lambda,0.0,2021-06-27,2021-06-27
VOI,Lambda,0.001,2021-07-04,2021-07-04
VOI,Lambda,0.005,2021-07-11,2021-07-11
VOI,Lambda,0.0,2021-07-18,2021-07-18
VOI,Lambda,0.0,2021-07-25,2021-07-25
VOI,Lambda,0.0,2021-08-01,2021-08-01
VOI,Lambda,0.0,2021-08-08,2021-08-08
VOI,Lambda,0.0,2021-08-15,2021-08-15
VOI,Lambda,0.0,2021-08-22,2021-08-22
VOI,Lambda,0.0,2021-08-29,2021-08-29
VOI,Lambda,0.0,2021-09-05,2021-09-05
VOI,Lambda,0.0,2021-09-12,2021-09-12
VOI,Lambda,0.0,2021-09-19,2021-09-19
VOI,Lambda,0.0,2021-09-26,2021-09-26
VOI,Lambda,0.0,2021-10-03,2021-10-03
VOI,Lambda,0.0,2021-10-10,2021-10-10
VOI,Lambda,0.0,2021-10-24,2021-10-24
VOI,Lambda,0.0,2020-11-22,2020-11-22
VOI,Lambda,0.0,2021-10-17,2021-10-17
VOI,Lambda,0.0,2021-10-31,2021-10-31
VOI,Lambda,0.0,2021-11-07,2021-11-07
VOI,Lambda,0.0,2021-11-14,2021-11-14
VOI,Lambda,0.0,2020-03-08,2020-03-08
VOI,Lambda,0.0,2020-03-15,2020-03-15
VOI,Lambda,0.0,2020-03-22,2020-03-22
VOI,Lambda,0.0,2020-03-29,2020-03-29
VOI,Lambda,0.0,2020-04-12,2020-04-12
VOI,Lambda,0.0,2020-04-26,2020-04-26
VOI,Lambda,0.0,2020-05-03,2020-05-03
VOI,Lambda,0.0,2020-08-02,2020-08-02
VOI,Lambda,0.0,2020-08-09,2020-08-09
VOI,Lambda,0.0,2020-08-23,2020-08-23
VOI,Lambda,0.0,2019-12-29,2019-12-29
VOI,Lambda,0.0,2020-03-01,2020-03-01
VOI,Lambda,0.0,2020-11-15,2020-11-15
VOI,Lambda,0.0,2020-12-06,2020-12-06
VOI,Lambda,0.0,2020-06-07,2020-06-07
VOI,Lambda,0.0,2020-07-26,2020-07-26
VOI,Lambda,0.0,2020-10-25,2020-10-25
VOI,Lambda,0.0,2020-07-19,2020-07-19
VOI,Lambda,0.0,2020-08-16,2020-08-16
VOI,Lambda,0.0,2020-08-30,2020-08-30
VOI,Lambda,0.0,2020-09-06,2020-09-06
VOI,Lambda,0.0,2020-09-13,2020-09-13
VOI,Lambda,0.0,2020-09-20,2020-09-20
VOI,Lambda,0.0,2020-09-27,2020-09-27
VOI,Lambda,0.0,2020-10-04,2020-10-04
VOI,Lambda,0.0,2020-10-11,2020-10-11
VOI,Lambda,0.0,2020-10-18,2020-10-18
VOI,Lambda,0.0,2020-05-24,2020-05-24
VOI,Lambda,0.0,2020-06-14,2020-06-14
VOI,Lambda,0.0,2020-06-21,2020-06-21
VOI,Lambda,0.0,2020-06-28,2020-06-28
VOI,Lambda,0.0,2020-07-05,2020-07-05
VOI,Lambda,0.0,2020-07-12,2020-07-12
VOI,Lambda,0.0,2020-02-09,2020-02-09
VOI,Lambda,0.0,2020-02-23,2020-02-23
VOI,Mu,0.0,2020-04-05,2020-04-05
VOI,Mu,0.0,2020-04-19,2020-04-19
VOI,Mu,0.0,2020-05-10,2020-05-10
VOI,Mu,0.0,2020-05-17,2020-05-17
VOI,Mu,0.0,2020-05-31,2020-05-31
VOI,Mu,0.0,2020-11-01,2020-11-01
VOI,Mu,0.0,2020-11-08,2020-11-08
VOI,Mu,0.0,2020-11-29,2020-11-29
VOI,Mu,0.0,2020-12-13,2020-12-13
VOI,Mu,0.0,2020-12-20,2020-12-20
VOI,Mu,0.0,2020-12-27,2020-12-27
VOI,Mu,0.0,2021-01-03,2021-01-03
VOI,Mu,0.0,2021-01-10,2021-01-10
VOI,Mu,0.0,2021-01-17,2021-01-17
VOI,Mu,0.0,2021-01-24,2021-01-24
VOI,Mu,0.0,2021-01-31,2021-01-31
VOI,Mu,0.0,2021-02-07,2021-02-07
VOI,Mu,0.0,2021-02-14,2021-02-14
VOI,Mu,0.0,2021-02-21,2021-02-21
VOI,Mu,0.0,2021-02-28,2021-02-28
VOI,Mu,0.0,2021-03-07,2021-03-07
VOI,Mu,0.0,2021-03-14,2021-03-14
VOI,Mu,0.0,2021-03-21,2021-03-21
VOI,Mu,0.0,2021-03-28,2021-03-28
VOI,Mu,0.0,2021-04-04,2021-04-04
VOI,Mu,0.0,2021-04-11,2021-04-11
VOI,Mu,0.0,2021-04-18,2021-04-18
VOI,Mu,0.0,2021-04-25,2021-04-25
VOI,Mu,0.0,2021-05-02,2021-05-02
VOI,Mu,0.0,2021-05-09,2021-05-09
VOI,Mu,0.001,2021-05-16,2021-05-16
VOI,Mu,0.004,2021-05-23,2021-05-23
VOI,Mu,0.003,2021-05-30,2021-05-30
VOI,Mu,0.005,2021-06-06,2021-06-06
VOI,Mu,0.005,2021-06-13,2021-06-13
VOI,Mu,0.008,2021-06-20,2021-06-20
VOI,Mu,0.017,2021-06-27,2021-06-27
VOI,Mu,0.007,2021-07-04,2021-07-04
VOI,Mu,0.034,2021-07-11,2021-07-11
VOI,Mu,0.033,2021-07-18,2021-07-18
VOI,Mu,0.022,2021-07-25,2021-07-25
VOI,Mu,0.033,2021-08-01,2021-08-01
VOI,Mu,0.039,2021-08-08,2021-08-08
VOI,Mu,0.024,2021-08-15,2021-08-15
VOI,Mu,0.021,2021-08-22,2021-08-22
VOI,Mu,0.002,2021-08-29,2021-08-29
VOI,Mu,0.003,2021-09-05,2021-09-05
VOI,Mu,0.0,2021-09-12,2021-09-12
VOI,Mu,0.0,2021-09-19,2021-09-19
VOI,Mu,0.0,2021-09-26,2021-09-26
VOI,Mu,0.0,2021-10-03,2021-10-03
VOI,Mu,0.0,2021-10-10,2021-10-10
VOI,Mu,0.0,2021-10-24,2021-10-24
VOI,Mu,0.0,2020-11-22,2020-11-22
VOI,Mu,0.0,2021-10-17,2021-10-17
VOI,Mu,0.0,2021-10-31,2021-10-31
VOI,Mu,0.0,2021-11-07,2021-11-07
VOI,Mu,0.0,2021-11-14,2021-11-14
VOI,Mu,0.0,2020-03-08,2020-03-08
VOI,Mu,0.0,2020-03-15,2020-03-15
VOI,Mu,0.0,2020-03-22,2020-03-22
VOI,Mu,0.0,2020-03-29,2020-03-29
VOI,Mu,0.0,2020-04-12,2020-04-12
VOI,Mu,0.0,2020-04-26,2020-04-26
VOI,Mu,0.0,2020-05-03,2020-05-03
VOI,Mu,0.0,2020-08-02,2020-08-02
VOI,Mu,0.0,2020-08-09,2020-08-09
VOI,Mu,0.0,2020-08-23,2020-08-23
VOI,Mu,0.0,2019-12-29,2019-12-29
VOI,Mu,0.0,2020-03-01,2020-03-01
VOI,Mu,0.0,2020-11-15,2020-11-15
VOI,Mu,0.0,2020-12-06,2020-12-06
VOI,Mu,0.0,2020-06-07,2020-06-07
VOI,Mu,0.0,2020-07-26,2020-07-26
VOI,Mu,0.0,2020-10-25,2020-10-25
VOI,Mu,0.0,2020-07-19,2020-07-19
VOI,Mu,0.0,2020-08-16,2020-08-16
VOI,Mu,0.0,2020-08-30,2020-08-30
VOI,Mu,0.0,2020-09-06,2020-09-06
VOI,Mu,0.0,2020-09-13,2020-09-13
VOI,Mu,0.0,2020-09-20,2020-09-20
VOI,Mu,0.0,2020-09-27,2020-09-27
VOI,Mu,0.0,2020-10-04,2020-10-04
VOI,Mu,0.0,2020-10-11,2020-10-11
VOI,Mu,0.0,2020-10-18,2020-10-18
VOI,Mu,0.0,2020-05-24,2020-05-24
VOI,Mu,0.0,2020-06-14,2020-06-14
VOI,Mu,0.0,2020-06-21,2020-06-21
VOI,Mu,0.0,2020-06-28,2020-06-28
VOI,Mu,0.0,2020-07-05,2020-07-05
VOI,Mu,0.0,2020-07-12,2020-07-12
VOI,Mu,0.0,2020-02-09,2020-02-09
VOI,Mu,0.0,2020-02-23,2020-02-23
VOI,Theta,0.0,2020-04-05,2020-04-05
VOI,Theta,0.0,2020-04-19,2020-04-19
VOI,Theta,0.0,2020-05-10,2020-05-10
VOI,Theta,0.0,2020-05-17,2020-05-17
VOI,Theta,0.0,2020-05-31,2020-05-31
VOI,Theta,0.0,2020-11-01,2020-11-01
VOI,Theta,0.0,2020-11-08,2020-11-08
VOI,Theta,0.0,2020-11-29,2020-11-29
VOI,Theta,0.0,2020-12-13,2020-12-13
VOI,Theta,0.0,2020-12-20,2020-12-20
VOI,Theta,0.0,2020-12-27,2020-12-27
VOI,Theta,0.0,2021-01-03,2021-01-03
VOI,Theta,0.0,2021-01-10,2021-01-10
VOI,Theta,0.0,2021-01-17,2021-01-17
VOI,Theta,0.0,2021-01-24,2021-01-24
VOI,Theta,0.0,2021-01-31,2021-01-31
VOI,Theta,0.001,2021-02-07,2021-02-07
VOI,Theta,0.0,2021-02-14,2021-02-14
VOI,Theta,0.0,2021-02-21,2021-02-21
VOI,Theta,0.0,2021-02-28,2021-02-28
VOI,Theta,0.0,2021-03-07,2021-03-07
VOI,Theta,0.0,2021-03-14,2021-03-14
VOI,Theta,0.0,2021-03-21,2021-03-21
VOI,Theta,0.0,2021-03-28,2021-03-28
VOI,Theta,0.0,2021-04-04,2021-04-04
VOI,Theta,0.0,2021-04-11,2021-04-11
VOI,Theta,0.0,2021-04-18,2021-04-18
VOI,Theta,0.0,2021-04-25,2021-04-25
VOI,Theta,0.0,2021-05-02,2021-05-02
VOI,Theta,0.0,2021-05-09,2021-05-09
VOI,Theta,0.0,2021-05-16,2021-05-16
VOI,Theta,0.0,2021-05-23,2021-05-23
VOI,Theta,0.0,2021-05-30,2021-05-30
VOI,Theta,0.0,2021-06-06,2021-06-06
VOI,Theta,0.0,2021-06-13,2021-06-13
VOI,Theta,0.0,2021-06-20,2021-06-20
VOI,Theta,0.0,2021-06-27,2021-06-27
VOI,Theta,0.0,2021-07-04,2021-07-04
VOI,Theta,0.0,2021-07-11,2021-07-11
VOI,Theta,0.0,2021-07-18,2021-07-18
VOI,Theta,0.001,2021-07-25,2021-07-25
VOI,Theta,0.0,2021-08-01,2021-08-01
VOI,Theta,0.0,2021-08-08,2021-08-08
VOI,Theta,0.0,2021-08-15,2021-08-15
VOI,Theta,0.0,2021-08-22,2021-08-22
VOI,Theta,0.0,2021-08-29,2021-08-29
VOI,Theta,0.0,2021-09-05,2021-09-05
VOI,Theta,0.0,2021-09-12,2021-09-12
VOI,Theta,0.0,2021-09-19,2021-09-19
VOI,Theta,0.0,2021-09-26,2021-09-26
VOI,Theta,0.0,2021-10-03,2021-10-03
VOI,Theta,0.0,2021-10-10,2021-10-10
VOI,Theta,0.0,2021-10-24,2021-10-24
VOI,Theta,0.0,2020-11-22,2020-11-22
VOI,Theta,0.0,2021-10-17,2021-10-17
VOI,Theta,0.0,2021-10-31,2021-10-31
VOI,Theta,0.0,2021-11-07,2021-11-07
VOI,Theta,0.0,2021-11-14,2021-11-14
VOI,Theta,0.0,2020-03-08,2020-03-08
VOI,Theta,0.0,2020-03-15,2020-03-15
VOI,Theta,0.0,2020-03-22,2020-03-22
VOI,Theta,0.0,2020-03-29,2020-03-29
VOI,Theta,0.0,2020-04-12,2020-04-12
VOI,Theta,0.0,2020-04-26,2020-04-26
VOI,Theta,0.0,2020-05-03,2020-05-03
VOI,Theta,0.0,2020-08-02,2020-08-02
VOI,Theta,0.0,2020-08-09,2020-08-09
VOI,Theta,0.0,2020-08-23,2020-08-23
VOI,Theta,0.0,2019-12-29,2019-12-29
VOI,Theta,0.0,2020-03-01,2020-03-01
VOI,Theta,0.0,2020-11-15,2020-11-15
VOI,Theta,0.0,2020-12-06,2020-12-06
VOI,Theta,0.0,2020-06-07,2020-06-07
VOI,Theta,0.0,2020-07-26,2020-07-26
VOI,Theta,0.0,2020-10-25,2020-10-25
VOI,Theta,0.0,2020-07-19,2020-07-19
VOI,Theta,0.0,2020-08-16,2020-08-16
VOI,Theta,0.0,2020-08-30,2020-08-30
VOI,Theta,0.0,2020-09-06,2020-09-06
VOI,Theta,0.0,2020-09-13,2020-09-13
VOI,Theta,0.0,2020-09-20,2020-09-20
VOI,Theta,0.0,2020-09-27,2020-09-27
VOI,Theta,0.0,2020-10-04,2020-10-04
VOI,Theta,0.0,2020-10-11,2020-10-11
VOI,Theta,0.0,2020-10-18,2020-10-18
VOI,Theta,0.0,2020-05-24,2020-05-24
VOI,Theta,0.0,2020-06-14,2020-06-14
VOI,Theta,0.0,2020-06-21,2020-06-21
VOI,Theta,0.0,2020-06-28,2020-06-28
VOI,Theta,0.0,2020-07-05,2020-07-05
VOI,Theta,0.0,2020-07-12,2020-07-12
VOI,Theta,0.0,2020-02-09,2020-02-09
VOI,Theta,0.0,2020-02-23,2020-02-23
Other,Other,0.9990000000000001,2020-04-05,2020-04-05
Other,Other,0.9980000000000001,2020-04-19,2020-04-19
Other,Other,0.998,2020-05-10,2020-05-10
Other,Other,0.996,2020-05-17,2020-05-17
Other,Other,0.998,2020-05-31,2020-05-31
Other,Other,1.013,2020-11-01,2020-11-01
Other,Other,1.005,2020-11-08,2020-11-08
Other,Other,1.008,2020-11-29,2020-11-29
Other,Other,1.0050000000000001,2020-12-13,2020-12-13
Other,Other,0.9950000000000001,2020-12-20,2020-12-20
Other,Other,0.99,2020-12-27,2020-12-27
Other,Other,0.9900000000000001,2021-01-03,2021-01-03
Other,Other,0.9460000000000002,2021-01-10,2021-01-10
Other,Other,0.926,2021-01-17,2021-01-17
Other,Other,0.914,2021-01-24,2021-01-24
Other,Other,0.8320000000000001,2021-01-31,2021-01-31
Other,Other,0.6960000000000001,2021-02-07,2021-02-07
Other,Other,0.658,2021-02-14,2021-02-14
Other,Other,0.599,2021-02-21,2021-02-21
Other,Other,0.532,2021-02-28,2021-02-28
Other,Other,0.5730000000000001,2021-03-07,2021-03-07
Other,Other,0.499,2021-03-14,2021-03-14
Other,Other,0.465,2021-03-21,2021-03-21
Other,Other,0.489,2021-03-28,2021-03-28
Other,Other,0.529,2021-04-04,2021-04-04
Other,Other,0.42100000000000004,2021-04-11,2021-04-11
Other,Other,0.35500000000000004,2021-04-18,2021-04-18
Other,Other,0.367,2021-04-25,2021-04-25
Other,Other,0.29800000000000004,2021-05-02,2021-05-02
Other,Other,0.29300000000000004,2021-05-09,2021-05-09
Other,Other,0.29500000000000004,2021-05-16,2021-05-16
Other,Other,0.249,2021-05-23,2021-05-23
Other,Other,0.21200000000000002,2021-05-30,2021-05-30
Other,Other,0.18300000000000002,2021-06-06,2021-06-06
Other,Other,0.158,2021-06-13,2021-06-13
Other,Other,0.136,2021-06-20,2021-06-20
Other,Other,0.107,2021-06-27,2021-06-27
Other,Other,0.128,2021-07-04,2021-07-04
Other,Other,0.092,2021-07-11,2021-07-11
Other,Other,0.047,2021-07-18,2021-07-18
Other,Other,0.022,2021-07-25,2021-07-25
Other,Other,0.018,2021-08-01,2021-08-01
Other,Other,0.01,2021-08-08,2021-08-08
Other,Other,0.004,2021-08-15,2021-08-15
Other,Other,0.003,2021-08-22,2021-08-22
Other,Other,0.002,2021-08-29,2021-08-29
Other,Other,0.001,2021-09-05,2021-09-05
Other,Other,0.003,2021-09-12,2021-09-12
Other,Other,0.0,2021-09-19,2021-09-19
Other,Other,0.0,2021-09-26,2021-09-26
Other,Other,0.0,2021-10-03,2021-10-03
Other,Other,0.0,2021-10-10,2021-10-10
Other,Other,0.0,2021-10-24,2021-10-24
Other,Other,1.0110000000000001,2020-11-22,2020-11-22
Other,Other,0.0,2021-10-17,2021-10-17
Other,Other,0.0,2021-10-31,2021-10-31
Other,Other,0.0,2021-11-07,2021-11-07
Other,Other,0.001,2021-11-14,2021-11-14
Other,Other,1.003,2020-03-08,2020-03-08
Other,Other,1.0050000000000001,2020-03-15,2020-03-15
Other,Other,1.0139999999999998,2020-03-22,2020-03-22
Other,Other,1.006,2020-03-29,2020-03-29
Other,Other,1.0030000000000001,2020-04-12,2020-04-12
Other,Other,1.0050000000000001,2020-04-26,2020-04-26
Other,Other,1.0,2020-05-03,2020-05-03
Other,Other,1.0030000000000001,2020-08-02,2020-08-02
Other,Other,1.004,2020-08-09,2020-08-09
Other,Other,0.9980000000000001,2020-08-23,2020-08-23
Other,Other,0.9970000000000002,2019-12-29,2019-12-29
Other,Other,0.9990000000000001,2020-03-01,2020-03-01
Other,Other,1.0050000000000001,2020-11-15,2020-11-15
Other,Other,1.004,2020-12-06,2020-12-06
Other,Other,1.0,2020-06-07,2020-06-07
Other,Other,0.998,2020-07-26,2020-07-26
Other,Other,1.0050000000000001,2020-10-25,2020-10-25
Other,Other,1.002,2020-07-19,2020-07-19
Other,Other,1.003,2020-08-16,2020-08-16
Other,Other,1.003,2020-08-30,2020-08-30
Other,Other,0.999,2020-09-06,2020-09-06
Other,Other,0.9970000000000001,2020-09-13,2020-09-13
Other,Other,1.006,2020-09-20,2020-09-20
Other,Other,1.006,2020-09-27,2020-09-27
Other,Other,1.0050000000000001,2020-10-04,2020-10-04
Other,Other,1.002,2020-10-11,2020-10-11
Other,Other,0.9970000000000001,2020-10-18,2020-10-18
Other,Other,0.999,2020-05-24,2020-05-24
Other,Other,1.0000000000000002,2020-06-14,2020-06-14
Other,Other,1.004,2020-06-21,2020-06-21
Other,Other,1.003,2020-06-28,2020-06-28
Other,Other,0.9990000000000001,2020-07-05,2020-07-05
Other,Other,0.9970000000000001,2020-07-12,2020-07-12
Other,Other,1.0,2020-02-09,2020-02-09
Other,Other,1.0,2020-02-23,2020-02-23
